{
    "loss": 27.590373992919922,
    "accuracy": 0.8841179013252258
}